set_name,Release Date,English Set Name,Japanese Set Name,No Rarity,1st edition,Unlimited,# in Set,Have Images?,Type of Card Done?,Japanese Name Done?,English Name Done?,Stage Done?,Type Done?,Artist Done?,Other Notes,Links
Original Era,,,,,,,,,,,,,,,,
JM01,"October 20, 1996",Expansion Pack,拡張パック,Yes,,Yes,,0%,Yes,Yes,Yes,Yes,Yes,Yes,,
JM02,"March 5, 1997",Pokémon Jungle,ポケモンジャングル,,,Yes,,60%,Yes,Yes,Yes,Yes,Yes,Yes,,
JM03,"June 21, 1997",Mystery of the Fossils,化石の秘密,,,Yes,,0%,Yes,Yes,Yes,Yes,Yes,Yes,,
JM04,"November 21, 1997",Rocket Gang,ロケット団,,,Yes,,60%,Yes,Yes,Yes,Yes,Yes,Yes,,
,"April 26, 1998",Nivi City Gym,ニビシティジム タケシ,,,Yes,,100%,No,No,No,No,No,No,,https://bulbapedia.bulbagarden.net/wiki/Nivi_City_Gym_(TCG)
,"April 26, 1998",Hanada City Gym,ハナダシティジム カスミ,,,Yes,,100%,No,No,No,No,No,No,,https://bulbapedia.bulbagarden.net/wiki/Hanada_City_Gym_(TCG)
,"July 25, 1998",Kuchiba City Gym, クチバシティジム マチス,,,Yes,,100%,No,No,No,No,No,No,,https://bulbapedia.bulbagarden.net/wiki/Kuchiba_City_Gym_(TCG)
,"July 25, 1998",Tamamushi City Gym,タマムシシティジム エリカ,,,Yes,,100%,No,No,No,No,No,No,,
JM05,"October 24, 1998",Gym Booster 1: Leader's Stadium,ジム拡張第1弾 リーダーズスタジアム,,,Yes,,99%,Yes,Yes,Yes,Yes,Yes,Yes,,
,"December 4, 1998",Quick Starter Gift Set (Red Deck),クイックスターターギフト,,,Yes,,100%,No,No,No,No,No,No,,https://bulbapedia.bulbagarden.net/wiki/Quick_Starter_Gift_Set_(TCG)
,"December 4, 1998",Quick Starter Gift Set (Green Deck),クイックスターターギフト,,,Yes,,100%,No,No,No,No,No,No,,
JM06,"June 25, 1999",Gym Booster 2: Challenge from Darkness,ジム拡張第2弾 闇からの挑戦,,,Yes,,100%,Yes,Yes,Yes,Yes,Yes,Yes,,
,"February 26, 1999",Yamabuki City Gym,ヤマブキシティジム ナツメ,,,Yes,,100%,No,No,No,No,No,No,,https://bulbapedia.bulbagarden.net/wiki/Yamabuki_City_Gym_(TCG)
,"February 26, 1999",Guren Town Gym,グレンタウンジム カツラ,,,Yes,,100%,No,No,No,No,No,No,,https://bulbapedia.bulbagarden.net/wiki/Guren_Town_Gym_(TCG)
,"July 30, 1999",Intro Pack (Bulbasaur Deck),イントロパック,,,Yes,,100%,No,No,No,No,No,No,,https://bulbapedia.bulbagarden.net/wiki/Intro_Pack_(TCG)
,"July 30, 1999",Intro Pack (Squirtle Deck),イントロパック,,,Yes,,100%,No,No,No,No,No,No,,
Neo Era,,,,,,,,,,,,,,,,
,"February 4, 2000",Neo Starter Deck,スターターパック ,,,Yes,,0%,No,No,No,No,No,No,,https://bulbapedia.bulbagarden.net/wiki/Neo_Starter_Deck_(TCG)
JM07,"February 4, 2000","Gold, Silver, to a New World... (Neo Genesis)",金、銀、新世界へ...,,,Yes,,100%,Yes,Yes,Yes,Yes,Yes,Yes,,
JM08,"July 7, 2000",Crossing the Ruins (Neo Discovery),遺跡をこえて...,,,Yes,,99%,Yes,Yes,Yes,Yes,Yes,Yes,,
JM09,"November 23, 2000",Awakening Legends (Neo Revelation),めざめる伝説,,,Yes,,100%,Yes,Yes,Yes,Yes,Yes,Yes,,
,"April 6, 2001",Intro Pack Neo Chikorita Half Deck,イントロパック★neo,,,Yes,,100%,No,No,No,No,No,No,,https://bulbapedia.bulbagarden.net/wiki/Intro_Pack_Neo_(TCG)
,"April 6, 2001",Intro Pack Neo Chikorita Side Deck,イントロパック★neo,,,Yes,,100%,No,No,No,No,No,No,,
,"April 6, 2001",Intro Pack Neo Totodile Half Deck,イントロパック★neo,,,Yes,,100%,No,No,No,No,No,No,,
,"April 6, 2001",Intro Pack Neo Totodile Side Deck,イントロパック★neo,,,Yes,,100%,No,No,No,No,No,No,,
JM10,"April 20, 2001","Darkness, and to Light... (Neo Destiny)",闇、そして光へ...,,,Yes,,100%,Yes,Yes,Yes,Yes,Yes,Yes,,
VS Era,,,,,,,,,,,,,,,,
,"July 7, 2001",Leaders Pokémon Theater Limited Edition Tyranitar Half Deck,リーダーズポケモン 劇場限定版,,,,,0%,No,No,No,No,No,No,,https://bulbapedia.bulbagarden.net/wiki/Tyranitar_Half_Deck_(TCG)
JM11,"July 19, 2001",Pokémon★VS,ポケモンカード★VS,,Yes,,,97%,Yes,Yes,Yes,Yes,Yes,Yes,,
Web Era,,,,,,,,,,,,,,,,
JM12,"October 20, 2001",Pokémon★Web,ポケモンカード★web,,Yes,Yes,,70%,Yes,Yes,Yes,Yes,Yes,Yes,,
e-Card Era,,,,,,,,,,,,,,,,
P Promo,July 2001 - July 2002,P Promotional cards,,,,,,99%,No,No,No,No,No,No,,https://bulbapedia.bulbagarden.net/wiki/P_Promotional_cards_(TCG)
T Promo,January 2002 - March 2003,T Promotional cards,,,,,,100%,No,No,No,No,No,No,,https://bulbapedia.bulbagarden.net/wiki/T_Promotional_cards_(TCG)
JM13,"December 1, 2001",Base Expansion Pack (Expedition Base Set),基本拡張パック,,Yes,,,0%,Yes,Yes,Yes,Yes,Yes,Yes,,
,"December 1, 2001",Pokémon-e Starter Deck,スターターパック,,,,,100%,No,No,No,No,No,No,,https://bulbapedia.bulbagarden.net/wiki/Pok%C3%A9mon-e_Starter_Deck_(TCG)
,"January 26 - February 24, 2002",McDonald's Pokémon-e Minimum Pack,マクドナルドオリジナル ミニマム★パック,,,,,100%,No,No,No,No,No,No,,https://bulbapedia.bulbagarden.net/wiki/McDonald%27s_Pok%C3%A9mon-e_Minimum_Pack_(TCG)
JM14,"March 8, 2002",The Town on No Map (Aquapolis),地図にない町,,Yes,Yes,,100%,Yes,Yes,Yes,Yes,Yes,Yes,,
JM15,"May 24, 2002",Wind from the Sea (Aquapolis),海からの風,,Yes,Yes,,99%,Yes,Yes,Yes,Yes,Yes,Yes,,
,"July 13, 2002",Theater Limited VS Pack,劇場限定VSパック,,,Yes,,95%,No,No,No,No,No,No,,https://bulbapedia.bulbagarden.net/wiki/Theater_Limited_VS_Pack_(TCG)
JM16,"August 23, 2002",Split Earth (Skyridge),裂けた大地,,Yes,Yes,,0%,Yes,Yes,Yes,Yes,Yes,Yes,,
JM17,"October 4, 2002",Mysterious Mountains (Skyridge),神秘なる山,,Yes,Yes,,0%,Yes,Yes,Yes,Yes,Yes,Yes,,
ADV Era,,,,,,,,,,,,,,,,
ADV-P,January 2003 - February 2004,ADV-P Promotional cards,,,,,63,100%,No,No,No,No,No,No,,https://bulbapedia.bulbagarden.net/wiki/ADV-P_Promotional_cards_(TCG)
ADV-PLAY,January 2003 - January 2006,PLAY Promotional cards,,,,,32,0%,No,No,No,No,No,No,,https://bulbapedia.bulbagarden.net/wiki/PLAY_Promotional_cards_(TCG)
ADV1,"January 31, 2003",ADV Expansion Pack,拡張パック,,Yes,Yes,55,0%,Yes,Yes,Yes,Yes,Yes,Yes,,
,"January 31, 2003",Treecko Constructed Starter Deck,築済みスターター キモリデッキ,,,,19,100%,No,No,No,No,No,No,,https://bulbapedia.bulbagarden.net/wiki/Treecko_Constructed_Starter_Deck_(TCG)
,"January 31, 2003",Torchic Constructed Starter Deck,築済みスターター アチャモデッキ,,,,19,100%,No,No,No,No,No,No,,https://bulbapedia.bulbagarden.net/wiki/Torchic_Constructed_Starter_Deck_(TCG)
,"January 31, 2003",Mudkip Constructed Starter Deck,築済みスターター ミズゴロウデッキ,,,,19,100%,No,No,No,No,No,No,,https://bulbapedia.bulbagarden.net/wiki/Mudkip_Constructed_Starter_Deck_(TCG)
ADV2,"April 18, 2003",Miracle of the Desert,砂漠のきせき,,Yes,Yes,53,100%,Yes,Yes,Yes,Yes,Yes,Yes,,
ADV3,"June 25, 2003",Rulers of the Heavens,天空の覇者,,Yes,Yes,54,100%,Yes,Yes,Yes,Yes,Yes,Yes,,
,"June 25, 2003",Flygon Constructed Starter Deck,構築済みスターター フライゴンデッキ,,,,19,100%,No,No,No,No,No,No,,https://bulbapedia.bulbagarden.net/wiki/Flygon_Constructed_Starter_Deck_(TCG)
,"June 25, 2003",Salamence Constructed Starter Deck,構築済みスターター ボーマンダデッキ,,,,19,100%,No,No,No,No,No,No,,https://bulbapedia.bulbagarden.net/wiki/Salamence_Constructed_Starter_Deck_(TCG)
,"July 19, 2003",Movie Commemoration VS Pack,映画公開記念VSパック,,,,19,100%,No,No,No,No,No,No,,https://bulbapedia.bulbagarden.net/wiki/Movie_Commemoration_VS_Pack_(TCG)
ADV03.5,"October 24, 2003",Magma VS Aqua: Two Ambitions,マグマVSアクア ふたつの野望,,Yes,Yes,80,99%,Yes,Yes,Yes,Yes,Yes,Yes,,
,"October 24, 2003",Magma Deck Kit,構築済みデッキ マグマ団ハーフデッキW,,,,33,100%,No,No,No,No,No,No,,https://bulbapedia.bulbagarden.net/wiki/Magma_Deck_Kit_(TCG)
,"October 24, 2003",Aqua Deck Kit,構築済みデッキ アクア団ハーフデッキW,,,,33,100%,No,No,No,No,No,No,,https://bulbapedia.bulbagarden.net/wiki/Aqua_Deck_Kit_(TCG)
,"November 17, 2003",Gift Box Latias ex Half Deck,ギフトボックス,,,,18,100%,No,No,No,No,No,No,,https://bulbapedia.bulbagarden.net/wiki/Gift_Box_(TCG)
,"November 17, 2003",Gift Box Latios ex Half Deck,ギフトボックス,,,,18,100%,No,No,No,No,No,No,,
ADV4,"January 16, 2004",Undone Seal,とかれた封印,,Yes,Yes,83,100%,Yes,Yes,Yes,Yes,Yes,Yes,,
,"January 16, 2004",Metagross Constructed Starter Deck,構築済みスターター メタグロスデッキ,,,,19,100%,No,No,No,No,No,No,,https://bulbapedia.bulbagarden.net/wiki/Metagross_Constructed_Starter_Deck_(TCG)
PCG Era,,,,,,,,,,,,,,,,
PCG-P,February 2004 - July 2006,PCG-P Promotional cards,,,,,154,99%,,,,,,,,https://bulbapedia.bulbagarden.net/wiki/PCG-P_Promotional_cards_(TCG)
,"March 19, 2004","Venusaur, Charizard, and Blastoise Random Constructed Starter Decks ","ランダム構築スターター フシギバナ★草, リザードン★炎, and カメックス★水 ",,,,52,100%,No,No,No,No,No,No,,https://bulbapedia.bulbagarden.net/wiki/Venusaur/Charizard/Blastoise_Random_Constructed_Starter_Decks_(TCG)
PCG01,"April 9, 2004",Flight of Legends,伝説の飛翔,,Yes,Yes,82,0%,Yes,Yes,Yes,Yes,Yes,Yes,,
PCG02,"July 1, 2004",Clash of the Blue Sky,蒼空の激突,,Yes,Yes,82,0%,Yes,Yes,Yes,Yes,Yes,Yes,,
,"July 1, 2004",Deoxys Constructed Starter Deck,構築済みスターター デオキシスデッキ,,,,15,100%,No,No,No,No,No,No,,https://bulbapedia.bulbagarden.net/wiki/Deoxys_Constructed_Starter_Deck_(TCG)
,"July 1, 2004",Rayquaza Constructed Starter Deck,構築済みスターター レックウザデッキ,,,,15,100%,No,No,No,No,No,No,,https://bulbapedia.bulbagarden.net/wiki/Rayquaza_Constructed_Starter_Deck_(TCG)
,"July 17, 2004",Movie Commemoration VS Pack: Sky-Splitting Deoxys,映画公開記念VSパック 裂空のデオキシス,,,,19,100%,No,No,No,No,No,No,,https://bulbapedia.bulbagarden.net/wiki/Movie_Commemoration_VS_Pack:_Sky-Splitting_Deoxys_(TCG)
PCG03,"October 15, 2004",Rocket Gang Strikes Back,ロケット団の逆襲,,Yes,Yes,85,0%,Yes,Yes,Yes,Yes,Yes,Yes,,
,"October 15, 2004",Black Deck Kit,構築済みデッキ ロケット団ハーフデッキW -black,,,,20,100%,No,No,No,No,No,No,,https://bulbapedia.bulbagarden.net/wiki/Black_Deck_Kit_(TCG)
,"October 15, 2004",Silver Deck Kit,構築済みデッキ ロケット団ハーフデッキW -silver-,,,,20,100%,No,No,No,No,No,No,,https://bulbapedia.bulbagarden.net/wiki/Silver_Deck_Kit_(TCG)
,"November 19, 2004",Gift Box Emerald Deoxys Half Deck,ギフトボックス エメラルドver.,,,,19,100%,No,No,No,No,No,No,,https://bulbapedia.bulbagarden.net/wiki/Gift_Box_Emerald_(TCG)
,"November 19, 2004",Gift Box Emerald Rayquaza Half Deck,ギフトボックス エメラルドver.,,,,19,100%,No,No,No,No,No,No,,
,"January 16, 2005",Grass Quick Construction Pack,クイック・コンストラクション・パック,,,,15,100%,No,No,No,No,No,No,,https://bulbapedia.bulbagarden.net/wiki/Quick_Construction_Packs_(TCG)
,"January 16, 2005",Fire Quick Construction Pack,クイック・コンストラクション・パック,,,,15,100%,No,No,No,No,No,No,,
,"January 16, 2005",Water Quick Construction Pack,クイック・コンストラクション・パック,,,,15,100%,No,No,No,No,No,No,,
,"January 16, 2005",Lightning Quick Construction Pack,クイック・コンストラクション・パック,,,,15,100%,No,No,No,No,No,No,,
,"January 16, 2005",Psychic Quick Construction Pack,クイック・コンストラクション・パック,,,,15,100%,No,No,No,No,No,No,,
,"January 16, 2005",Fighting Quick Construction Pack,クイック・コンストラクション・パック,,,,15,100%,No,No,No,No,No,No,,
,"March 5, 2005",Meganium Constructed Starter Deck, 構築済みスターター メガニウムex★草,,,,16,100%,No,No,No,No,No,No,,https://bulbapedia.bulbagarden.net/wiki/Meganium_Constructed_Starter_Deck_(TCG)
,"March 5, 2005",Typhlosion Constructed Starter Deck,構築済みスターター バクフーンex★炎,,,,16,100%,No,No,No,No,No,No,,https://bulbapedia.bulbagarden.net/wiki/Typhlosion_Constructed_Starter_Deck_(TCG)
,"March 5, 2005",Feraligatr Constructed Starter Deck,構築済みスターター オーダイルex★水,,,,16,100%,No,No,No,No,No,No,,https://bulbapedia.bulbagarden.net/wiki/Feraligatr_Constructed_Starter_Deck_(TCG)
PCG04,"April 8, 2005","Golden Sky, Silvery Ocean",金の空、銀の海,,Yes,Yes,106,100%,Yes,Yes,Yes,Yes,Yes,Yes,,
PCG05,"June 30, 2005",Mirage Forest,まぼろしの森,,Yes,Yes,86,100%,Yes,Yes,Yes,Yes,Yes,Yes,,
,"June 30, 2005",Mirage's Mew Constructed Starter Deck,構築済みスターター まぼろしのミュウ,,,,16,100%,No,No,No,No,No,No,,https://bulbapedia.bulbagarden.net/wiki/Mirage%27s_Mew_Constructed_Starter_Deck_(TCG)
,"July 15, 2005",Master Kit Bulbasaur,マスターキット,,,,15,100%,No,No,No,No,No,No,,https://bulbapedia.bulbagarden.net/wiki/Master_Kit_(TCG)
,"July 15, 2005",Master Kit Torchic,マスターキット,,,,15,100%,No,No,No,No,No,No,,
,"July 15, 2005",Master Kit Side Deck,マスターキット,,,,12,100%,No,No,No,No,No,No,,
,"July 16, 2005",Movie Commemoration VS Pack: Aura's Lucario,映画公開記念VSパック 波導のルカリオ,,,,20,100%,No,No,No,No,No,No,,https://bulbapedia.bulbagarden.net/wiki/Movie_Commemoration_VS_Pack:_Aura%27s_Lucario_(TCG)
,"September 30, 2005",Holon Research Tower Fire Quarter Deck,ホロンの研究塔ハーフデッキ1/2炎EX,,,,15,100%,No,No,No,No,No,No,,https://bulbapedia.bulbagarden.net/wiki/Holon_Research_Tower_Fire_Quarter_Deck_(TCG)
,"September 30, 2005",Holon Research Tower Water Quarter Deck,ホロンの研究塔ハーフデッキ1/2水EX,,,,15,100%,No,No,No,No,No,No,,https://bulbapedia.bulbagarden.net/wiki/Holon_Research_Tower_Water_Quarter_Deck_(TCG)
,"September 30, 2005",Holon Research Tower Lightning Quarter Deck,ホロンの研究塔ハーフデッキ1/2雷EX,,,,15,100%,No,No,No,No,No,No,,https://bulbapedia.bulbagarden.net/wiki/Holon_Research_Tower_Lightning_Quarter_Deck_(TCG)
PCG06,"October 28, 2005",Holon Research Tower,ホロンの研究塔,,Yes,Yes,86,100%,Yes,Yes,Yes,Yes,Yes,Yes,,
,"November 16, 2005",Gift Box Mew • Lucario Mew Quarter Deck,ギフトボックス ミュウ・ルカリオver.,,,,15,100%,No,No,No,No,No,No,,https://bulbapedia.bulbagarden.net/wiki/Gift_Box_Mew_%E2%80%A2_Lucario_(TCG)
,"November 16, 2005",Gift Box Mew • Lucario Lucario Quarter Deck,ギフトボックス ミュウ・ルカリオver.,,,,15,100%,No,No,No,No,No,No,,
,"November 16, 2005",Gift Box Mew • Lucario Crawdaunt Quarter Deck,ギフトボックス ミュウ・ルカリオver.,,,,15,100%,No,No,No,No,No,No,,
,"November 16, 2005",Gift Box Mew • Lucario Mightyena Quarter Deck,ギフトボックス ミュウ・ルカリオver.,,,,15,100%,No,No,No,No,No,No,,
JPCG07,"January 27, 2006",Holon Phantom,ホロンの幻影,,Yes,Yes,52,0%,Yes,Yes,Yes,Yes,Yes,Yes,,
,"March 3, 2006",Earth's Groudon ex Constructed Starter Deck,構築済みスターター 大地のグラードンex,,,,16,100%,No,No,No,No,No,No,,https://bulbapedia.bulbagarden.net/wiki/Earth%27s_Groudon_ex_Constructed_Starter_Deck_(TCG)
,"March 3, 2006",Ocean's Kyogre ex Constructed Starter Deck,構築済みスターター 大海のカイオーガex,,,,16,100%,No,No,No,No,No,No,,https://bulbapedia.bulbagarden.net/wiki/Ocean%27s_Kyogre_ex_Constructed_Starter_Deck_(TCG)
PCG08,"March 10, 2006",Miracle Crystal,きせきの結晶,,Yes,Yes,75,100%,Yes,Yes,Yes,Yes,Yes,Yes,,
PCG09,"June 29, 2006",Offense and Defense of the Furthest Ends,さいはての攻防,,Yes,Yes,68,100%,Yes,Yes,Yes,Yes,Yes,Yes,,
,"June 29, 2006",Shockwave! Tyranitar ex Constructed Standard Deck,構築済みデッキ 雷震!バンギラスex,,Yes,Yes,24,100%,No,No,No,No,No,No,1st edition and Unlimited exist - https://www.elitefourum.com/t/unlimited-tyranitar-ex-deck/36208/7#:~:text=Yep%2C%20unlimited%20edition%20cards%20of%20the%20Shockwave!%20Tyranitar%20ex%20Constructed%20Standard%20Deck,https://bulbapedia.bulbagarden.net/wiki/Shockwave!_Tyranitar_ex_Constructed_Standard_Deck_(TCG)
,"June 29, 2006",Imprison! Gardevoir ex Constructed Standard Deck,構築済みデッキ 封印!サーナイトex,,,,24,100%,No,No,No,No,No,No,,https://bulbapedia.bulbagarden.net/wiki/Imprison!_Gardevoir_ex_Constructed_Standard_Deck_(TCG)
PCG10,"July 5, 2007",World Champions Pack,ワールドチャンピオンズパック,,Yes,Yes,108,0%,Yes,Yes,Yes,Yes,Yes,Yes,,
,"July 15, 2006",Movie Commemoration VS Pack: Sea's Manaphy,映画公開記念VSパック 蒼海のマナフィ,,,,19,100%,No,No,No,No,No,No,,https://bulbapedia.bulbagarden.net/wiki/Movie_Commemoration_VS_Pack:_Sea%27s_Manaphy_(TCG)
DP Era,,,,,,,,,,,,,,,,
DP-P,December 2006 - January 2009,DP-P Promotional cards,,,,,127,0%,,,,,,,,https://bulbapedia.bulbagarden.net/wiki/DP-P_Promotional_cards_(TCG)
,May 2007,PPP Promotional cards,,,,,7,0%,No,No,Yes,No,No,No,,https://bulbapedia.bulbagarden.net/wiki/PPP_Promotional_cards_(TCG)
,October 2006,Entry Pack,エントリーパック ,,,,32,0%,No,No,Yes,No,No,No,,https://bulbapedia.bulbagarden.net/wiki/Entry_Pack_(TCG)
DP1,"November 30, 2006",Space-Time Creation: Diamond Collection & Pearl Collection,時空の創造: ダイヤモンドコレクション / 時空の創造: パールコレクション,,Yes,Yes,122,100%,Yes,Yes,Yes,Yes,Yes,Yes,,
DP2,"March 2, 2007",Secret of the Lakes,湖の秘密,,Yes,Yes,123,40%,Yes,Yes,Yes,Yes,Yes,Yes,,
,"March 2, 2007",Bastiodon the Defender,構築ハーフデッキ 守りのトリデプス,,,,16,100%,No,No,No,No,No,No,,https://bulbapedia.bulbagarden.net/wiki/Bastiodon_the_Defender_(TCG)
,"March 2, 2007",Rampardos the Attacker,構築ハーフデッキ 攻めのラムパルド,,,,16,100%,No,No,No,No,No,No,,https://bulbapedia.bulbagarden.net/wiki/Rampardos_the_Attacker_(TCG)
DP3,"July 5, 2007",Shining Darkness,ひかる闇,,Yes,Yes,119,100%,No,No,Yes,No,No,No,,
,"July 5, 2007",Dialga LV.X Constructed Standard Deck,構築スタンダードデッキ ディアルガLV.X,,,,18,100%,No,No,No,No,No,No,,https://bulbapedia.bulbagarden.net/wiki/Dialga_LV.X_Constructed_Standard_Deck_(TCG)
,"July 5, 2007",Palkia LV.X Constructed Standard Deck,構築スタンダードデッキ パルキアLV.X,,,,18,100%,No,No,No,No,No,No,,https://bulbapedia.bulbagarden.net/wiki/Palkia_LV.X_Constructed_Standard_Deck_(TCG)
,"July 14, 2007",10th Movie Commemoration Set,映画10周年記念　プレミアムシート,,,,11,100%,No,No,No,No,No,No,,https://bulbapedia.bulbagarden.net/wiki/10th_Movie_Commemoration_Set_(TCG)
DP4_MP,"October 26, 2007",Moonlit Pursuit,月光の追跡,,Yes,Yes,70,0%,No,No,Yes,No,No,No,,
DP4_DD,"October 26, 2007",Dawn Dash,夜明けの疾走,,Yes,Yes,70,0%,No,No,Yes,No,No,No,,
,"October 26, 2007",Magmortar vs Electivire Deck Kit,対戦スターターパック ブーバーンVSエレキブル,,,,28,100%,No,No,Yes,No,No,No,,https://bulbapedia.bulbagarden.net/wiki/Magmortar_vs_Electivire_Deck_Kit_(TCG)
,"November 30, 2007",Entry Pack '08,エントリーパック '08,,,,42,0%,No,No,Yes,No,No,No,,https://bulbapedia.bulbagarden.net/wiki/Entry_Pack_%2708_(TCG)
DP5_CM,"March 14, 2008",Cry from the Mysterious,秘境の叫び,,Yes,Yes,65,0%,No,No,Yes,No,No,No,,
DP5_TA,"March 14, 2008",Temple of Anger,怒りの神殿,,Yes,Yes,65,0%,No,No,Yes,No,No,No,,
,"March 14, 2008",Heatran vs Regigigas Deck Kit,対戦スターターパック ヒードランVSレジギガス,,,,24,100%,No,No,Yes,No,No,No,,https://bulbapedia.bulbagarden.net/wiki/Heatran_vs_Regigigas_Deck_Kit_(TCG)
DP6,"July 10, 2008",Intense Fight in the Destroyed Sky,破空の激闘,,Yes,Yes,92,0%,No,No,Yes,No,No,No,,
,"July 10, 2008",Giratina vs Dialga Deck Kit,対戦スターターパック ギラティナVSディアルガ,,,,28,0%,No,No,Yes,No,No,No,,https://bulbapedia.bulbagarden.net/wiki/Giratina_vs_Dialga_Deck_Kit_(TCG)
,"July 19, 2008",11th Movie Commemoration Set,映画公開記念　プレミアムシート,,,,9,100%,No,No,No,No,No,No,,https://bulbapedia.bulbagarden.net/wiki/11th_Movie_Commemoration_Set_(TCG)
DPt Era,,,,,,,,,,,,,,,,
DPt-P,October 2008 - August 2009,DPt-P Promotional cards,,,,,,,,,,,,,,https://bulbapedia.bulbagarden.net/wiki/DPt-P_Promotional_cards_(TCG)
DPt01,"October 10, 2008",Galactic's Conquest,ギンガの覇道,,Yes,Yes,,0%,No,No,Yes,No,No,No,,
,"October 10, 2008",Entry Pack DPt Giratina Half Deck,エントリーパック,,,,,,No,No,Yes,No,No,No,,https://bulbapedia.bulbagarden.net/wiki/Entry_Pack_DPt_(TCG)
,"October 10, 2008",Entry Pack DPt Dialga Half Deck,エントリーパック,,,,,,No,No,Yes,No,No,No,,
,"October 10, 2008",Entry Pack DPt Palkia Half Deck,エントリーパック,,,,,,No,No,Yes,No,No,No,,
,"November 20, 2008",Gift Box DPt Chimchar Half Deck,DPt ギフトボックス,,,,,,No,No,Yes,No,No,No,,https://bulbapedia.bulbagarden.net/wiki/Gift_Box_DPt_(TCG)
,"November 20, 2008",Gift Box DPt Turtwig Half Deck,DPt ギフトボックス,,,,,,No,No,Yes,No,No,No,,
,"November 20, 2008",Gift Box DPt Piplup Half Deck,DPt ギフトボックス,,,,,,No,No,Yes,No,No,No,,
,"November 20, 2008",Gift Box DPt Pikachu Half Deck,DPt ギフトボックス,,,,,,No,No,Yes,No,No,No,,
DPt02,"December 26, 2008",Bonds to the End of Time,時の果ての絆,,Yes,Yes,,0%,No,No,Yes,No,No,No,,
,"December 26, 2008",Infernape vs Gallade SP Deck Kit - Infernape,対戦スターターパックSP ゴウカザルVSエルレイド,,,,,,No,No,Yes,No,No,No,,https://bulbapedia.bulbagarden.net/wiki/Infernape_vs_Gallade_SP_Deck_Kit_(TCG)
,"December 26, 2008",Infernape vs Gallade SP Deck Kit - Gallade,対戦スターターパックSP ゴウカザルVSエルレイド,,,,,,No,No,Yes,No,No,No,,
DPt03,"March 6, 2009",Beat of the Frontier,フロンティアの鼓動,,Yes,Yes,,0%,No,No,Yes,No,No,No,,
,"March 6, 2009",Garchomp vs Charizard SP Deck Kit - Garchomp C Half Deck,対戦スターターパックSP ガブリアスVSリザードン,,,,,,No,No,Yes,No,No,No,,https://bulbapedia.bulbagarden.net/wiki/Garchomp_vs_Charizard_SP_Deck_Kit_(TCG)
,"March 6, 2009",Garchomp vs Charizard SP Deck Kit - Charizard G Half Deck,対戦スターターパックSP ガブリアスVSリザードン,,,,,,No,No,Yes,No,No,No,,
PtS,"April 18, 2009",Collection Packs Shaymin LV.X,コレクションパック,,,,,,No,No,Yes,No,No,No,,https://bulbapedia.bulbagarden.net/wiki/Collection_Packs_(TCG)
PtM,"April 18, 2009",Collection Packs Mewtwo LV.X,コレクションパック,,,,,,No,No,Yes,No,No,No,,
PtR,"April 18, 2009",Collection Packs Regigigas LV.X,コレクションパック,,,,,,No,No,Yes,No,No,No,,
DPt04,"July 8, 2009",Advent of Arceus,アルセウス光臨,,Yes,Yes,,0%,No,No,Yes,No,No,No,,
,"July 8, 2009",Arceus LV.X Deck: Grass & Fire,構築スタンダードデッキ アルセウスLV.X 草&炎,,,,,,No,No,Yes,No,No,No,,https://bulbapedia.bulbagarden.net/wiki/Arceus_LV.X_Deck:_Grass_%26_Fire_(TCG)
,"July 8, 2009",Arceus LV.X Deck: Lightning & Psychic,構築スタンダードデッキ アルセウスLV.X 雷&超,,,,,,No,No,Yes,No,No,No,,
,"July 11, 2009",Pokémon Battle Tour 09 Challenge Deck,ポケモンバトルツアー09 チャレンジデッキ,,,,,,No,No,Yes,No,No,No,,https://bulbapedia.bulbagarden.net/wiki/Pok%C3%A9mon_Battle_Tour_09_Challenge_Deck_(TCG)
,"July 18, 2009",Movie Commemoration Random Pack,映画公開記念ランダムパック,,,,,100%,No,No,Yes,No,No,No,,https://bulbapedia.bulbagarden.net/wiki/Movie_Commemoration_Random_Pack_(TCG)
LEGEND Era,,,,,,,,,,,,,,,,
L-P,September 2009 - August 2010,L-P Promotional cards,,,,,,,,,,,,,,https://bulbapedia.bulbagarden.net/wiki/L-P_Promotional_cards_(TCG)
L1HG,"October 9, 2009",HeartGold Collection,ハートゴールドコレクション,,Yes,,,0%,No,No,Yes,No,No,No,"This Japanese set was only printed in 1st edition, with all cards (including the Ultra Rare Pokémon Prime cards) also available as Reverse Holos",
L1SS,"October 9, 2009",SoulSilver Collection,ソウルシルバーコレクション,,Yes,,,0%,No,No,Yes,No,No,No,"This Japanese set was only printed in 1st edition, with all cards (including the Ultra Rare Pokémon Prime cards) also available as Reverse Holos",
E,"Nov 20, 2009",Leafeon vs Metagross Expert Deck - Leafeon Deck,エキスパートデッキ リーフィアVSメタグロス,,,Yes,,,No,No,Yes,No,No,No,,https://bulbapedia.bulbagarden.net/wiki/Leafeon_vs_Metagross_Expert_Deck_(TCG)
E,"Nov 20, 2009",Leafeon vs Metagross Expert Deck - Metagross Deck,エキスパートデッキ リーフィアVSメタグロス,,,Yes,,,No,No,Yes,No,No,No,,
L2,"February 11, 2010",Reviving Legends,よみがえる伝説,,Yes,Yes,,0%,No,No,Yes,No,No,No,"The Reviving Legends set is only released in Japanese, in both 1st and unlimited edition. All cards in this Japanese set, including the Pokémon Prime cards, were also available as Reverse Holos.",
B,"Nov 20, 2009",Battle Starter Deck - Torterra,バトルスタートデッキ,,,Yes,,,No,No,Yes,No,No,No,,https://bulbapedia.bulbagarden.net/wiki/Battle_Starter_Decks_(TCG)
B,"Nov 20, 2009",Battle Starter Deck - Raichu,バトルスタートデッキ,,,Yes,,,No,No,Yes,No,No,No,,
B,"Nov 20, 2009",Battle Starter Deck - Magmortar,バトルスタートデッキ,,,Yes,,,No,No,Yes,No,No,No,,
B,"Nov 20, 2009",Battle Starter Deck - Blastoise,バトルスタートデッキ,,,Yes,,,No,No,Yes,No,No,No,,
L2T,"Feb 11, 2010",Tyranitar Constructed Standard Deck,構築スタンダードデッキ バンギラス悪,,,Yes,,,No,No,Yes,No,No,No,,https://bulbapedia.bulbagarden.net/wiki/Tyranitar_Constructed_Standard_Deck_(TCG)
L2S,"Feb 11, 2010",Steelix Constructed Standard Deck,構築スタンダードデッキ ハガネール鋼,,,Yes,,,No,No,Yes,No,No,No,,https://bulbapedia.bulbagarden.net/wiki/Steelix_Constructed_Standard_Deck_(TCG)
LL,"April 16, 2010",Lost Link,ロストリンク,,,,,0%,No,No,Yes,No,No,No,,
L3,"July 8, 2010",Clash at the Summit,頂上大激突,,Yes,Yes,,0%,No,No,Yes,No,No,No,"The Clash at the Summit set is only released in Japanese, in both 1st and unlimited edition. All cards in this Japanese set, including the Pokémon Prime cards, were also available as Reverse Holos.",
BW Era,,,,,,,,,,,,,,,,
BW-P,December 2010 - September 2013,BW-P Promotional cards,,,,Yes,,99%,Yes,Yes,Yes,Yes,Yes,Yes,,https://bulbapedia.bulbagarden.net/wiki/BW-P_Promotional_cards_(TCG)
CS1,"September 18, 2010",Collection Sheet Journey Partners,コレクションシート 旅立ちの仲間,,,Yes,,100%,Yes,Yes,Yes,Yes,Yes,Yes,,https://bulbapedia.bulbagarden.net/wiki/McDonald%27s_Collection_(TCG)
HS,"Oct 29, 2010",Beginning Set,はじめてセット,,,Yes,,100%,Yes,Yes,Yes,Yes,Yes,Yes,,
BW1b,"December 17, 2010",Black Cillection,ブラックコレクション ,,Yes,Yes,,97%,Yes,Yes,Yes,Yes,Yes,Yes,,https://bulbapedia.bulbagarden.net/wiki/Black_%26_White_(TCG)
BW1w,,White Collection,ホワイトコレクション,,Yes,Yes,,97%,Yes,Yes,Yes,Yes,Yes,Yes,,
BKv,"Mar 18, 2011",Virizion Battle Strength Deck,バトル強化デッキ,,,Yes,,Yes,Yes,Yes,Yes,Yes,Yes,Yes,,https://bulbapedia.bulbagarden.net/wiki/Battle_Strength_Decks_(TCG)
BKt,"Mar 18, 2011",Terrakion Battle Strength Deck,バトル強化デッキ,,,Yes,,Yes,Yes,Yes,Yes,Yes,Yes,Yes,,
BKc,"Mar 18, 2011",Cobalion Battle Strength Deck,バトル強化デッキ,,,Yes,,Yes,Yes,Yes,Yes,Yes,Yes,Yes,,
BTV,"Jun 17, 2011",Victini Battle Theme Deck, バトルテーマデッキ ビクティニ,,,Yes,,Yes,Yes,Yes,Yes,Yes,Yes,Yes,,https://bulbapedia.bulbagarden.net/wiki/Battle_Theme_Deck:_Victini_(TCG)
BW2,"July 15, 2011",Red Collection,レッドコレクション,,Yes,Yes,,97%,Yes,Yes,Yes,Yes,Yes,Yes,,https://bulbapedia.bulbagarden.net/wiki/Noble_Victories_(TCG)
HS+,"Aug 05, 2011",Beginning Set +,はじめてセット,,,Yes,,100%,Yes,Yes,Yes,Yes,Yes,Yes,,https://bulbapedia.bulbagarden.net/wiki/Beginning_Set_(TCG)
BW3p,"September 16, 2011",Psycho Drive,サイコドライブ,,Yes,Yes,,97%,,,,,,,,https://bulbapedia.bulbagarden.net/wiki/Next_Destinies_(TCG)
BW3h,"September 16, 2011",Hail Blizzard,ヘイルブリザード,,Yes,Yes,,97%,,,,,,,,
BKZ,"Oct 21, 2011",Zekrom-EX Battle Strength Deck,バトル強化デッキ６０「ゼクロムＥＸ」,,,Yes,,100%,Yes,Yes,Yes,Yes,Yes,Yes,,https://bulbapedia.bulbagarden.net/wiki/Zekrom-EX_Battle_Strength_Deck_(TCG)
BKR,"Oct 21, 2011",Reshiram-EX Battle Strength Deck,バトル強化デッキ６０「レシラムＥＸ」,,,Yes,,100%,Yes,Yes,Yes,Yes,Yes,Yes,,https://bulbapedia.bulbagarden.net/wiki/Reshiram-EX_Battle_Strength_Deck_(TCG)
BGS,"Nov 18, 2011",Thundurus vs Tornadus Battle Gift Set,バトルギフトセット「ボルトロスＶＳトルネロス」,,,Yes,,100%,Yes,Yes,Yes,Yes,Yes,Yes,,https://bulbapedia.bulbagarden.net/wiki/Battle_Gift_Set:_Thundurus_vs_Tornadus_(TCG)
HSP,"Nov 18, 2011",Beginning Set Pikachu,はじめてセット,,,Yes,,,,,,,,,,https://bulbapedia.bulbagarden.net/wiki/Beginning_Set_(TCG)
BW4,"December 16, 2011",Dark Rush,ダークラッシュ,,Yes,Yes,,97%,Yes,Yes,Yes,Yes,Yes,Yes,,https://bulbapedia.bulbagarden.net/wiki/Dark_Explorers_(TCG)
DS,"January 27, 2012",Expansion Pack Dragon Selection,拡張パック ドラゴンセレクション,,Yes,,,100%,Yes,Yes,Yes,Yes,Yes,Yes,,https://bulbapedia.bulbagarden.net/wiki/Dragon_Vault_(TCG)
BW5z,"March 16, 2012",Dragon Blast,リューズブラスト,,Yes,Yes,,97%,Yes,Yes,Yes,Yes,Yes,Yes,,https://bulbapedia.bulbagarden.net/wiki/Dragons_Exalted_(TCG)
BW5n,"March 16, 2012",Dragon Blade,リューノブレード,,Yes,Yes,,97%,Yes,Yes,Yes,Yes,Yes,Yes,,
SZD,"March 16, 2012",Hydreigon Half Deck,サザンドラデッキ30,,,Yes,,,,,,,,,,https://bulbapedia.bulbagarden.net/wiki/Hydreigon_Half_Deck_(TCG)
GBR,"March 16, 2012",Garchomp Half Deck,ガブリアスデッキ30,,,Yes,,100%,Yes,Yes,Yes,Yes,Yes,Yes,,https://bulbapedia.bulbagarden.net/wiki/Garchomp_Half_Deck_(TCG)
KLD,"Apr 20, 2012",Keldeo Battle Strength Deck,バトル強化デッキ30 ケルディオ,,,Yes,,100%,Yes,Yes,Yes,Yes,Yes,Yes,,https://bulbapedia.bulbagarden.net/wiki/Keldeo_Battle_Strength_Deck_(TCG)
HSZ,"Apr 20, 2012",National Pokédex Beginning Set,はじめてセット 全国図鑑版セット,,,Yes,,100%,Yes,Yes,Yes,Yes,Yes,Yes,,https://bulbapedia.bulbagarden.net/wiki/National_Beginning_Set_(TCG)
BW6f,"July 13, 2012",Freeze Bolt,フリーズボルト,,Yes,Yes,,97%,Yes,Yes,Yes,Yes,Yes,Yes,,https://bulbapedia.bulbagarden.net/wiki/Boundaries_Crossed_(TCG)
BW6c,"July 13, 2012",Cold Flare,コールドフレア,,Yes,Yes,,97%,Yes,Yes,Yes,Yes,Yes,Yes,,
BW7,"September 14, 2012",Plasma Gale,プラズマゲイル,,Yes,Yes,,97%,Yes,Yes,Yes,Yes,Yes,Yes,,https://bulbapedia.bulbagarden.net/wiki/Plasma_Storm_(TCG)
PPD,"Sep 14, 2012",Team Plasma Powered Half Deck,プラズマ団パワードデッキ30,,,Yes,,100%,Yes,Yes,Yes,Yes,Yes,Yes,,https://bulbapedia.bulbagarden.net/wiki/Team_Plasma%27s_Powered_Half_Deck_(TCG)
MDB,"Sep 14, 2012",Master Deck Build Box EX,トッププレイヤーが選ぶ100＋40枚　マスターデッキビルドBOX EX,,,Yes,,100%,Yes,Yes,Yes,Yes,Yes,Yes,,https://bulbapedia.bulbagarden.net/wiki/Master_Deck_Build_Box_EX_(TCG)
BKW,"Oct 19, 2012",White Kyurem-EX Battle Strength Deck,バトル強化デッキ６０ ホワイトキュレムＥＸ,,,Yes,,100%,Yes,Yes,Yes,Yes,Yes,Yes,,https://bulbapedia.bulbagarden.net/wiki/White_Kyurem-EX_Battle_Strength_Deck_(TCG)
BKB,"Oct 19, 2012",Black Kyurem-EX Battle Strength Deck,バトル強化デッキ６０ ブラックキュレムＥＸ,,,Yes,,100%,Yes,Yes,Yes,Yes,Yes,Yes,,https://bulbapedia.bulbagarden.net/wiki/Black_Kyurem-EX_Battle_Strength_Deck_(TCG)
PBG,"Nov 16, 2012",Team Plasma Battle Gift Set,プラズマ団バトルギフトセット,,,Yes,,100%,Yes,Yes,Yes,Yes,Yes,Yes,,https://bulbapedia.bulbagarden.net/wiki/Team_Plasma_Battle_Gift_Set_(TCG)
WAK,"Nov 16, 2012",Everyone's Exciting Battle,みんなのWAKUWAKUバトル,,,Yes,,,,,,,,,,https://bulbapedia.bulbagarden.net/wiki/Everyone%27s_Exciting_Battle_(TCG)
BW8f,"December 14, 2012",Spiral Force,ラセンフォース,,Yes,Yes,,,,,,,,,,https://bulbapedia.bulbagarden.net/wiki/Plasma_Freeze_(TCG)
BW8n,"December 14, 2012",Thunder Knuckle,ライデンナックル ,,Yes,Yes,,,,,,,,,,
SC,"Feb 1, 2013",Shiny Collection,コンセプトパック シャイニーコレクション,,,Yes,,,,,,,,,,https://bulbapedia.bulbagarden.net/wiki/Shiny_Collection_(TCG)
BW9,"March 15, 2013",Megalo Cannon,メガロキャノン,,Yes,Yes,,97%,Yes,Yes,Yes,Yes,Yes,Yes,,https://bulbapedia.bulbagarden.net/wiki/Plasma_Blast_(TCG)
K+K,"Mar 15, 2013",Blastoise + Kyurem-EX Combo Deck,最強爆流コンボデッキ60 カメックス＋キュレムEX,,,Yes,,100%,Yes,Yes,Yes,Yes,Yes,Yes,,https://bulbapedia.bulbagarden.net/wiki/Blastoise_%2B_Kyurem-EX_Combo_Deck_(TCG)
EBB,"Jul 13, 2013",EX Battle Boost,コンセプトパック EXバトルブースト,,Yes,Yes,,100%,Yes,Yes,Yes,Yes,Yes,Yes,,https://bulbapedia.bulbagarden.net/wiki/Legendary_Treasures_(TCG)
MG,"Jul 13, 2013",Mewtwo vs Genesect Deck Kit - Mewtwo,30枚デッキ対戦set ミュウツーVSゲノセクト,,,Yes,,100%,Yes,Yes,Yes,Yes,Yes,Yes,,https://bulbapedia.bulbagarden.net/wiki/Mewtwo_vs_Genesect_Deck_Kit_(TCG)
MG,"Jul 13, 2013",Mewtwo vs Genesect Deck Kit - Genesect,30枚デッキ対戦set ミュウツーVSゲノセクト,,,Yes,,100%,Yes,Yes,Yes,Yes,Yes,Yes,,
XY Era,,,,,,,,,,,,,,,,
XY-P,August 2013 - February 2017,XY-P Promotional cards,,,,Yes,,,,,,,,,,https://bulbapedia.bulbagarden.net/wiki/XY-P_Promotional_cards_(TCG)
HXY,"November 8, 2013",Beginning Set,はじめてセット,,,Yes,,100%,Yes,Yes,Yes,Yes,Yes,Yes,,https://bulbapedia.bulbagarden.net/wiki/Kalos_Starter_Set_(TCG)
XY01,"December 13, 2013",Collection X,コレクションX,,Yes,Yes,,,,,,,,,,https://bulbapedia.bulbagarden.net/wiki/XY_(TCG)
XY01,"December 13, 2013",Collection Y,コレクションY,,Yes,Yes,,,,,,,,,,
X30,"January 31, 2014",Xerneas Half Deck,ゼルネアスデッキ30,,,Yes,,,,,,,,,,https://bulbapedia.bulbagarden.net/wiki/Xerneas_Half_Deck_(TCG)
Y30,"January 31, 2014",Yveltal Half Deck,イベルタルデッキ30 ,,,Yes,,,,,,,,,,https://bulbapedia.bulbagarden.net/wiki/Yveltal_Half_Deck_(TCG)
XY02,"March 15, 2014",Wild Blaze,ワイルドブレイズ,,Yes,Yes,,,,,,,,,,https://bulbapedia.bulbagarden.net/wiki/Flashfire_(TCG)
XYA,"March 15, 2014",M Charizard-EX Mega Battle Deck,メガバトルデッキ60 MリザードンEX,,,Yes,,,,,,,,,,https://bulbapedia.bulbagarden.net/wiki/M_Charizard-EX_Mega_Battle_Deck_(TCG)
XY03,"June 14, 2014",Rising Fist,ライジングフィスト,,Yes,Yes,,,,,,,,,,https://bulbapedia.bulbagarden.net/wiki/Furious_Fists_(TCG)
XY04,"September 13, 2014",Phantom Gate,ファントムゲート,,Yes,Yes,,,,,,,,,,https://bulbapedia.bulbagarden.net/wiki/Phantom_Forces_(TCG)
XYB,"September 13, 2014",Hyper Metal Chain Deck DialgaEX+GillgardEX,ハイパーメタルチェーンデッキ60 ディアルガEX +ギルガルドEX,,,Yes,,,,,,,,,,https://bulbapedia.bulbagarden.net/wiki/Hyper_Metal_Chain_Deck_(TCG)
XYC,"November 14, 2014",Super Legend Set: Xerneas-EX & Yveltal-EX,スーパーレジェンドセット60 ゼルネアスEX・イベルタルEX,,,Yes,,,,,,,,,,https://bulbapedia.bulbagarden.net/wiki/Super_Legend_Set:_Xerneas-EX_%26_Yveltal-EX_(TCG)
XY05,"December 13, 2014",Gaia Volcano,ガイアボルケーノ,,,,,,,,,,,,,https://bulbapedia.bulbagarden.net/wiki/Primal_Clash_(TCG)
XY05,"December 13, 2014",Tidal Storm,タイダルストーム,,,,,,,,,,,,,
CP1,"January 30, 2015",Magma Gang VS Aqua Gang: Double Crisis,コンセプトパック マグマ団VSアクア団 ダブルクライシス,,Yes,,,100%,Yes,Yes,Yes,Yes,Yes,Yes,,https://bulbapedia.bulbagarden.net/wiki/Double_Crisis_(TCG)
XY06,"March 14, 2015",Emerald Break,エメラルドブレイク,,,,,,,,,,,,,https://bulbapedia.bulbagarden.net/wiki/Roaring_Skies_(TCG)
XYD,"March 14, 2015",Mega Battle Deck 60 MRayquazaEX,メガバトルデッキ60 MレックウザEX,,,Yes,,,,,,,,,,https://bulbapedia.bulbagarden.net/wiki/M_Rayquaza-EX_Mega_Battle_Deck_(TCG)
XY07,"June 20, 2015",Bandit Ring,バンデットリング ,,,,,,,,,,,,,https://bulbapedia.bulbagarden.net/wiki/Ancient_Origins_(TCG)
CP2,"July 18, 2015",Legendary Shine Collection,コンセプトパック 伝説キラコレクション,,Yes,,,100%,Yes,Yes,Yes,Yes,Yes,Yes,,https://bulbapedia.bulbagarden.net/wiki/Legendary_Shine_Collection_(TCG)
XYE,"July 18, 2015",Competition Start Set 30 Enbuoh-EX VS Togekiss-EX,対戦スタートセット30「エンブオーEX VS トゲキッスEX」,,,,,,,,,,,,,https://bulbapedia.bulbagarden.net/wiki/Emboar-EX_vs_Togekiss-EX_Deck_Kit_(TCG)
MMB,"August 7, 2015",M Master Deck Build Box Power Style,MマスターデッキビルドBOX パワースタイル,,,Yes,,100%,Yes,Yes,Yes,Yes,Yes,Yes,,https://bulbapedia.bulbagarden.net/wiki/M_Master_Deck_Build_Box_Power_Style_(TCG)
MMB,"August 7, 2015",M Master Deck Build Box Speed Style,MマスターデッキビルドBOX スピードスタイル,,,Yes,,100%,Yes,Yes,Yes,Yes,Yes,Yes,,https://bulbapedia.bulbagarden.net/wiki/M_Master_Deck_Build_Box_Speed_Style_(TCG)
XY BREAK Era,,,,,,,,,,,,,,,,
XY08,"September 26, 2015",Blue Shock,青い衝撃,,,,,,,,,,,,,https://bulbapedia.bulbagarden.net/wiki/BREAKthrough_(TCG)
XY08,"September 26, 2015",Red Flash,赤い閃光,,,,,,,,,,,,,
SNP,"September 26, 2015",BREAK Evolution Pack RaichuBREAK,BREAK進化パック ライチュウBREAK,,,Yes,,,,,,,,,,https://bulbapedia.bulbagarden.net/wiki/Raichu_BREAK_Evolution_Pack_(TCG)
SNP,"September 26, 2015",BREAK Evolution Pack OnvernBREAK,BREAK進化パック「オンバーンBREAK」,,,Yes,,,,,,,,,,https://bulbapedia.bulbagarden.net/wiki/Noivern_BREAK_Evolution_Pack_(TCG)
XYF,"October 9, 2015",BREAK Combo Deck 60 GolduckBREAK+PalkiaEX,BREAKコンボデッキ60ゴルダックBREAK+パルキアEX,,,Yes,,,,,,,,,,https://bulbapedia.bulbagarden.net/wiki/Golduck_BREAK_%2B_Palkia-EX_Combo_Deck_(TCG)
XY09,"December 11, 2015",Rage of the Broken Heavens,破天の怒り,,,,,,,,,,,,,
CP3,"January 29, 2016",PokéKyun Collection,コンセプトパック ポケキュンコレクション,,Yes,,,100%,Yes,Yes,Yes,Yes,Yes,Yes,,https://bulbapedia.bulbagarden.net/wiki/Pok%C3%A9Kyun_Collection_(TCG)
20th,"February 27, 2016",Starter Pack,スターターパック,,,Yes,,Yes,Yes,Yes,Yes,Yes,Yes,Yes,,https://bulbapedia.bulbagarden.net/wiki/Generations_(TCG)
XY10,"March 18, 2016",Awakening Psychic King,めざめる超王,,,,,,,,,,,,,https://bulbapedia.bulbagarden.net/wiki/Fates_Collide_(TCG)
XYG,"March 18, 2016",Perfect Battle Deck 60 ZygardeEX,パーフェクトバトルデッキ60 ジガルデEX,,,,,,,,,,,,,https://bulbapedia.bulbagarden.net/wiki/Zygarde-EX_Perfect_Battle_Deck_(TCG)
XYH,"March 18, 2016",Mega Battle Deck 60 MTabunneEX,メガバトルデッキ60 MメガタブンネEX,,,,,,,,,,,,,https://bulbapedia.bulbagarden.net/wiki/M_Audino-EX_Mega_Battle_Deck_(TCG)
CP4,"April 16, 2016",Premium Champion Pack: EX×M×BREAK,プレミアムチャンピオンパック EX×M×BREAK,,,Yes,,100%,Yes,Yes,Yes,Yes,Yes,Yes,,https://bulbapedia.bulbagarden.net/wiki/Premium_Champion_Pack_(TCG)
XY11,"June 17, 2016",Fever-Burst Fighter,爆熱の闘士,,,,,,,,,,,,,https://bulbapedia.bulbagarden.net/wiki/Steam_Siege_(TCG)
XY11,"June 17, 2016",Cruel Traitor,冷酷の反逆者,,,,,,,,,,,,,
CP5,"July 16, 2016",Mythical & Legendary Dream Shine Collection,コンセプトパック 幻・伝説ドリームキラコレクション,,Yes,,,100%,Yes,Yes,Yes,Yes,Yes,Yes,,
CP6,"September 16, 2016",Expansion Pack 20th Anniversary,コンセプトパック ポケットモンスターカードゲーム 拡張パック 20th Anniversary,,Yes,,,100%,Yes,Yes,Yes,Yes,Yes,Yes,,
XY,"April 21, 2017",High Class Pack THE BEST OF XY,ハイクラスパック THE BEST OF XY,,,,,,,,,,,,,https://bulbapedia.bulbagarden.net/wiki/The_Best_of_XY_(TCG)
Sun & Moon Era,,,,,,,,,,,,,,,,
SM-P,November 2016 - October 2019,SM-P Promotional cards,,,,Yes,,,,,,,,,,https://bulbapedia.bulbagarden.net/wiki/SM-P_Promotional_cards_(TCG)
SM0,"November 18, 2016",Pikachu's New Friends Collection,ピカチュウと新しい仲間たち,,,Yes,,,,,,,,,,https://bulbapedia.bulbagarden.net/wiki/Pikachu%27s_New_Friends_(TCG)
SM1S,"December 9, 2016",Collection Sun,コレクションサン,,,Yes,,,,,,,,,,https://bulbapedia.bulbagarden.net/wiki/Sun_%26_Moon_(TCG)
SM1M,"December 9, 2016",Collection Moon,コレクションムーン,,,Yes,,,,,,,,,,
SMA,"December 9, 2016",Sun & Moon Starter Set,スターターセット,,,Yes,,,,,,,,,,https://bulbapedia.bulbagarden.net/wiki/Sun_%26_Moon_Starter_Set_(TCG)
SMB,"December 9, 2016",Premium Trainer Box,プレミアムトレーナーボックス,,,Yes,,,,,,,,,,https://bulbapedia.bulbagarden.net/wiki/Premium_Trainer_Box_(TCG)
SMP1,"December 15, 2016",Rockruff Full Power Deck,イワンコ全力デッキ,,,Yes,,,,,,,,,,https://bulbapedia.bulbagarden.net/wiki/Rockruff_Full_Power_Deck_(TCG)
SM1+,"January 27, 2017",Enhanced Expansion Pack Sun & Moon,強化拡張パック サン＆ムーン,,,Yes,,,,,,,,,,https://bulbapedia.bulbagarden.net/wiki/Enhanced_Expansion_Pack_Sun_%26_Moon_(TCG)
SM2K,"March 17, 2017",Islands Await You,キミを待つ島々,,,Yes,,,,,,,,,,https://bulbapedia.bulbagarden.net/wiki/Guardians_Rising_(TCG)
SM2L,"March 17, 2017",Alolan Moonlight,アローラの月光,,,Yes,,,,,,,,,,
SMC,"March 17, 2017",Tapu Bulu-GX Enhanced Starter Set,スターターセット改造 カプ・ブルルGX,,,Yes,,,,,,,,,,https://bulbapedia.bulbagarden.net/wiki/Tapu_Bulu-GX_Enhanced_Starter_Set_(TCG)
SM2+,"April 21, 2017",Enhanced Expansion Pack Facing a New Trial,強化拡張パック 新たなる試練の向こう,,,Yes,,,,,,,,,,https://bulbapedia.bulbagarden.net/wiki/Facing_a_New_Trial_(TCG)
SMD,"April 21, 2017",30-Card Deck Competition Set Ash vs Team Rocket,30枚デッキ対戦セット「サトシVSロケット団」,,,Yes,,,,,,,,,,https://bulbapedia.bulbagarden.net/wiki/Ash_vs_Team_Rocket_Deck_Kit_(TCG)
SM3H,"June 16, 2017",To Have Seen the Battle Rainbow,闘う虹を見たか,,,Yes,,,,,,,,,,https://bulbapedia.bulbagarden.net/wiki/Burning_Shadows_(TCG)
SM3N,"June 16, 2017",Darkness that Consumes Light),光を喰らう闇,,,Yes,,,,,,,,,,
SM3+,"July 15, 2017",Enhanced Expansion Pack Shining Legends,強化拡張パック ひかる伝説,,,Yes,,,,,,,,,,https://bulbapedia.bulbagarden.net/wiki/Shining_Legends_(TCG)
SM4S,"September 15, 2017",Awakened Heroes,覚醒の勇者,,,Yes,,,,,,,,,,https://bulbapedia.bulbagarden.net/wiki/Crimson_Invasion_(TCG)
SM4A,"September 15, 2017",Ultradimensional Beasts,超次元の暴獣,,,Yes,,,,,,,,,,
SM4+,"October 20, 2017",High Class Pack GX Battle Boost,ハイクラスパックGXバトルブースト,,,Yes,,,,,,,,,,https://bulbapedia.bulbagarden.net/wiki/GX_Battle_Boost_(TCG)
SME,"November 10, 2017",Solgaleo-GX & Lunala-GX Legendary Starter Set ,スターターセット伝説 ソルガレオGX ルナアーラGX,,,Yes,,,,,,,,,,https://bulbapedia.bulbagarden.net/wiki/Solgaleo-GX_%26_Lunala-GX_Legendary_Starter_Set_(TCG)
SM5S,"December 8, 2017",Ultra Sun,ウルトラサン,,,Yes,,,,,,,,,,https://bulbapedia.bulbagarden.net/wiki/Ultra_Prism_(TCG)
SM5M,"December 8, 2017",Ultra Moon,ウルトラムーン,,,Yes,,,,,,,,,,
SMF,"December 8, 2017",Ultra Sun & Ultra Moon Premium Trainer Box,プレミアムトレーナーボックス ウルトラサン・ウルトラムーン,,,Yes,,,,,,,,,,https://bulbapedia.bulbagarden.net/wiki/Ultra_Sun_%26_Ultra_Moon_Premium_Trainer_Box_(TCG)
SM5+,"January 19, 2018",Enhanced Expansion Pack Ultra Force,強化拡張パック ウルトラフォース,,,Yes,,,,,,,,,,https://bulbapedia.bulbagarden.net/wiki/Ultra_Force_(TCG)
SMG,"February 16, 2018",Ultra Sun & Ultra Moon Deck Build Boxes,"デッキビルドBOX「ウルトラサン」
デッキビルドBOX「ウルトラムーン」",,,Yes,,,,,,,,,,https://bulbapedia.bulbagarden.net/wiki/Ultra_Sun_%26_Ultra_Moon_Deck_Build_Boxes_(TCG)
SM6,"March 2, 2018",Forbidden Light,禁断の光,,,Yes,,,,,,,,,,https://bulbapedia.bulbagarden.net/wiki/Forbidden_Light_(TCG)
SM6a,"April 6, 2018",Enhanced Expansion Pack Dragon Storm,強化拡張パック ドラゴンストーム,,,Yes,,,,,,,,,,https://bulbapedia.bulbagarden.net/wiki/Dragon_Majesty_(TCG)
SM6b,"May 3, 2018",Enhanced Expansion Pack Champion Road,強化拡張パック チャンピオンロード,,,Yes,,,,,,,,,,https://bulbapedia.bulbagarden.net/wiki/Champion_Road_(TCG)
SM7,"June 1, 2018",Sky-Splitting Charisma,裂空のカリスマ,,,Yes,,,,,,,,,,https://bulbapedia.bulbagarden.net/wiki/Celestial_Storm_(TCG)
SM7a,"July 6, 2018",Enhanced Expansion Pack Thunderclap Spark,強化拡張パック 迅雷スパーク,,,Yes,,,,,,,,,,https://bulbapedia.bulbagarden.net/wiki/Thunderclap_Spark_(TCG)
SMH,"July 13, 2018",GX Starter Decks,GXスタートデッキ,,,Yes,,,,,,,,,,https://bulbapedia.bulbagarden.net/wiki/GX_Starter_Decks_(TCG)
SM7b,"August 3, 2018",Enhanced Expansion Pack Fairy Rise,強化拡張パック フェアリーライズ,,,Yes,,,,,,,,,,https://bulbapedia.bulbagarden.net/wiki/Fairy_Rise_(TCG)
SM8,"September 7, 2018",Super-Burst Impact,超爆インパクト,,,Yes,,,,,,,,,,https://bulbapedia.bulbagarden.net/wiki/Lost_Thunder_(TCG)
SM8a,"October 5, 2018",Enhanced Expansion Pack Dark Order,強化拡張パック ダークオーダー,,,Yes,,,,,,,,,,https://bulbapedia.bulbagarden.net/wiki/Dark_Order_(TCG)
SM8b,"November 2, 2018",High Class Pack GX Ultra Shiny,ハイクラスパック GXウルトラシャイニー,,,Yes,,,,,,,,,,https://bulbapedia.bulbagarden.net/wiki/Hidden_Fates_(TCG)
SMI,"November 23, 2018",Eevee-GX Starter Sets,イーブイGX スターターセット,,,Yes,,,,,,,,,,https://bulbapedia.bulbagarden.net/wiki/Eevee-GX_Starter_Sets_(TCG)
SM9,"December 7, 2018",Tag Bolt,タッグボルト,,,Yes,,,,,,,,,,https://bulbapedia.bulbagarden.net/wiki/Team_Up_(TCG)
SMJ,"December 7, 2018",Tag Team GX Premium Trainer Box,プレミアムトレーナーボックス TAG TEAM GX,,,Yes,,,,,,,,,,https://bulbapedia.bulbagarden.net/wiki/Tag_Team_GX_Premium_Trainer_Box_(TCG)
SM9a,"January 11, 2019",Enhanced Expansion Pack Night Unison,強化拡張パック ナイトユニゾン,,,Yes,,,,,,,,,,https://bulbapedia.bulbagarden.net/wiki/Night_Unison_(TCG)
SMK,"January 25, 2019",Trainer Battle Decks ,トレーナーバトルデッキ,,,Yes,,,,,,,,,,https://bulbapedia.bulbagarden.net/wiki/Trainer_Battle_Decks_(TCG)
SM10,"March 1, 2019",Double Blaze,ダブルブレイズ,,,Yes,,,,,,,,,,https://bulbapedia.bulbagarden.net/wiki/Unbroken_Bonds_(TCG)
SMN,"March 1, 2019",Tag Team GX Deck Build Box,デッキビルドBOX「TAG TEAM GX」,,,Yes,,,,,,,,,,https://bulbapedia.bulbagarden.net/wiki/Tag_Team_GX_Deck_Build_Box_(TCG)
SML,"March 15, 2019",Family Pokémon Card Game,ファミリーポケモンカードゲーム,,,Yes,,,,,,,,,,https://bulbapedia.bulbagarden.net/wiki/Sun_%26_Moon_Family_Pok%C3%A9mon_Card_Game_(TCG)
SM10a,"April 5, 2019",Enhanced Expansion Pack GG End,強化拡張パック ジージーエンド,,,Yes,,,,,,,,,,https://bulbapedia.bulbagarden.net/wiki/GG_End_(TCG)
SM10b,"April 26, 2019",Enhanced Expansion Pack Sky Legend,強化拡張パック スカイレジェンド,,,Yes,,,,,,,,,,https://bulbapedia.bulbagarden.net/wiki/Sky_Legend_(TCG)
SMP2,"April 26, 2019",Movie Special Pack Great Detective Pikachu,ムービースペシャルパック 名探偵ピカチュウ,,,Yes,,,,,,,,,,https://bulbapedia.bulbagarden.net/wiki/Detective_Pikachu_(TCG)
SM11,"May 31, 2019",Miracle Twin,ミラクルツイン,,,Yes,,,,,,,,,,https://bulbapedia.bulbagarden.net/wiki/Unified_Minds_(TCG)
SMM,"May 31, 2019",Tag Team GX Starter Sets,スターターセット TAG TEAM GX,,,Yes,,,,,,,,,,https://bulbapedia.bulbagarden.net/wiki/Tag_Team_GX_Starter_Sets_(TCG)
SM11a,"July 5, 2019",Enhanced Expansion Pack Remix Bout,強化拡張パック リミックスバウト,,,Yes,,,,,,,,,,https://bulbapedia.bulbagarden.net/wiki/Remix_Bout_(TCG)
SM11b,"August 2, 2019",Enhanced Expansion Pack Dream League,強化拡張パック ドリームリーグ,,,Yes,,,,,,,,,,https://bulbapedia.bulbagarden.net/wiki/Dream_League_(TCG)
SM12,"September 6, 2019",Alter Genesis,オルタージェネシス,,,Yes,,,,,,,,,,https://bulbapedia.bulbagarden.net/wiki/Cosmic_Eclipse_(TCG)
SM12a,"October 4, 2019",High Class Pack TAG TEAM GX: Tag All Stars,ハイクラスパック TAG TEAM GX タッグオールスターズ,,,Yes,,,,,,,,,,https://bulbapedia.bulbagarden.net/wiki/Tag_All_Stars_(TCG)
BWXY,"October 4, 2019",Extra Regulation Box,エクストラレギュレーションBOX,,,Yes,,,,,,,,,,https://bulbapedia.bulbagarden.net/wiki/Extra_Regulation_Box_(TCG)
Sword & Shield Era,,,,,,,,,,,,,,,,
S-P,November 2019 - Present,S-P Promotional cards,,,,Yes,,,,,,,,,,https://bulbapedia.bulbagarden.net/wiki/S-P_Promotional_cards_(TCG)
SA,"November 29, 2019",V Starter Set Grass,スターターセットV 草,,,Yes,,,,,,,,,,https://bulbapedia.bulbagarden.net/wiki/V_Starter_Sets_(TCG)
SA,"November 29, 2019",V Starter Set Fire,スターターセットV 炎,,,Yes,,,,,,,,,,
SA,"November 29, 2019",V Starter Set Water,スターターセットV 水,,,Yes,,,,,,,,,,
SA,"November 29, 2019",V Starter Set Lightning,スターターセットV 雷,,,Yes,,,,,,,,,,
SA,"November 29, 2019",V Starter Set Fighting,スターターセットV 闘,,,Yes,,,,,,,,,,
S1,"December 6, 2019",Sword ,ソード,,,Yes,,,,,,,,,,https://bulbapedia.bulbagarden.net/wiki/Sword_%26_Shield_(TCG)
S1,"December 6, 2019",Shield,シールド,,,Yes,,,,,,,,,,
SB,"December 6, 2019",Sword & Shield Premium Trainer Box ,プレミアムトレーナーボックス　ソード＆シールド,,,Yes,,,,,,,,,,https://bulbapedia.bulbagarden.net/wiki/Sword_%26_Shield_Premium_Trainer_Box_(TCG)
SP1,"December 27, 2019",Zacian + Zamazenta Box,ザシアン＋ザマゼンタBOX,,,Yes,,,,,,,,,,https://bulbapedia.bulbagarden.net/wiki/Zacian_%2B_Zamazenta_Box_(TCG)
S1a,"February 7, 2020",Enhanced Expansion Pack: VMAX Rising,強化拡張パック VMAXライジング,,,Yes,,,,,,,,,,https://bulbapedia.bulbagarden.net/wiki/VMAX_Rising_(TCG)
S2,"March 6, 2020",Rebellion Crash,反逆クラッシュ,,,Yes,,,,,,,,,,
SC,"March 27, 2020",Charizard VMAX Starter Set,スターターセットVMAX リザードン,,,Yes,,,,,,,,,,https://bulbapedia.bulbagarden.net/wiki/Charizard_%26_Grimmsnarl_VMAX_Starter_Sets_(TCG)
SC,"March 27, 2020",Grimmsnarl VMAX Starter Set,スターターセットVMAX オーロンゲ,,,Yes,,,,,,,,,,
S2a,"April 24, 2020",Enhanced Expansion Pack: Explosive Walker,強化拡張パック 爆炎ウォーカー,,,Yes,,,,,,,,,,https://bulbapedia.bulbagarden.net/wiki/Explosive_Walker_(TCG)
SC2,"December 4, 2020",Charizard VMAX Starter Set 2,スターターセットVMAX リザードン 2,,,Yes,,,,,,,,,,https://bulbapedia.bulbagarden.net/wiki/Charizard_%26_Grimmsnarl_VMAX_Starter_Sets_(TCG)
S3,"June 5, 2020",Infinity Zone,ムゲンゾーン ,,,Yes,,,,,,,,,,https://bulbapedia.bulbagarden.net/wiki/Darkness_Ablaze_(TCG)
S3a,"July 10, 2020",Enhanced Expansion Pack: Legendary Heartbeat,強化拡張パック 伝説の鼓動,,,Yes,,,,,,,,,,https://bulbapedia.bulbagarden.net/wiki/Legendary_Heartbeat_(TCG)
SD,"July 10, 2020",V Starter Decks,Vスタートデッキ,,,Yes,,,,,,,,,,https://bulbapedia.bulbagarden.net/wiki/V_Starter_Decks_(TCG)
S4,"September 18, 2020",Amazing Volt Tackle,仰天のボルテッカー,,,Yes,,,,,,,,,,https://bulbapedia.bulbagarden.net/wiki/Vivid_Voltage_(TCG)
SP2,"October 23, 2020",VMAX Special Set,VMAXスペシャルセット,,,Yes,,,,,,,,,,https://bulbapedia.bulbagarden.net/wiki/VMAX_Special_Set_(TCG)
S4a,"November 20, 2020",High Class Pack Shiny Star V,ハイクラスパック シャイニースターV,,,Yes,,,,,,,,,,https://bulbapedia.bulbagarden.net/wiki/Shining_Fates_(TCG)
SEF,"December 4, 2020",Venusaur VMAX Starter Set,スターターセットVMAX フシギバナ,,,Yes,,,,,,,,,,https://bulbapedia.bulbagarden.net/wiki/Venusaur_%26_Blastoise_VMAX_Starter_Sets_(TCG)
SEK,"December 4, 2020",Blastoise VMAX Starter Set,スターターセットVMAX カメックス,,,Yes,,,,,,,,,,
S5I,"January 22, 2021",Single Strike Master,一撃マスター,,,Yes,,,,,,,,,,https://bulbapedia.bulbagarden.net/wiki/Battle_Styles_(TCG)
S5R,"January 22, 2021",Rapid Strike Master,連撃マスター,,,Yes,,,,,,,,,,
SF,"January 22, 2021",Single Strike & Rapid Strike Premium Trainer Boxes,"プレミアムトレーナーボックス ICHIGEKI
プレミアムトレーナーボックス RENGEKI",,,Yes,,,,,,,,,,https://bulbapedia.bulbagarden.net/wiki/Single_Strike_%26_Rapid_Strike_Premium_Trainer_Boxes_(TCG)
S5a,"March 19, 2021",Enhanced Expansion Pack: Peerless Fighters,強化拡張パック 双璧のファイター,,,Yes,,,,,,,,,,https://bulbapedia.bulbagarden.net/wiki/Peerless_Fighters_(TCG)
S6H,"April 23, 2021",Silver Lance,白銀のランス,,,Yes,,,,,,,,,,https://bulbapedia.bulbagarden.net/wiki/Chilling_Reign_(TCG)
S6K,"April 23, 2021",Jet-Black Spirit,漆黒のガイスト,,,Yes,,,,,,,,,,
SP3,"April 23, 2021",Silver Lance & Jet-Black Spirit Jumbo Pack Set,ジャンボパックセット 白銀のランス＆漆黒のガイスト,,,Yes,,,,,,,,,,https://bulbapedia.bulbagarden.net/wiki/Silver_Lance_%26_Jet-Black_Spirit_Jumbo_Pack_Set_(TCG)
S6a,"May 28, 2021",Enhanced Expansion Pack: Eevee Heroes,強化拡張パック イーブイヒーローズ,,,Yes,,,,,,,,,,https://bulbapedia.bulbagarden.net/wiki/Eevee_Heroes_(TCG)
SP4,"May 28, 2021",Eevee Heroes VMAX Special Set,VMAXスペシャルセット イーブイヒーローズ,,,Yes,,,,,,,,,,https://bulbapedia.bulbagarden.net/wiki/Eevee_Heroes_VMAX_Special_Set_(TCG)
SGG,"May 28, 2021",Gengar VMAX High-Class Deck,ハイクラスデッキ ゲンガーVMAX,,,Yes,,,,,,,,,,https://bulbapedia.bulbagarden.net/wiki/High-Class_Decks_(TCG)
SGI,"May 28, 2021",Inteleon VMAX High-Class Deck,ハイクラスデッキ インテレオンVMAX,,,Yes,,,,,,,,,,
S7D,"July 9, 2021",Skyscraping Perfection,摩天パーフェクト,,,Yes,,,,,,,,,,https://bulbapedia.bulbagarden.net/wiki/Evolving_Skies_(TCG)
S7R,"July 9, 2021",Blue Sky Stream,蒼空ストリーム,,,Yes,,,,,,,,,,
SH,"July 9, 2021",Family Pokémon Card Game,ファミリーポケモンカードゲーム,,,Yes,,,,,,,,,,https://bulbapedia.bulbagarden.net/wiki/Sword_%26_Shield_Family_Pok%C3%A9mon_Card_Game_(TCG)
SP5,"August 20, 2021",V-UNION Special Card Sets,スペシャルカードセット,,,Yes,,,,,,,,,,https://bulbapedia.bulbagarden.net/wiki/V-UNION_Special_Card_Sets_(TCG)
S8,"September 24, 2021",Fusion Arts,フュージョンアーツ,,,Yes,,,,,,,,,,https://bulbapedia.bulbagarden.net/wiki/Fusion_Strike_(TCG)
S8a,"October 22, 2021",25th Anniversary Collection,25th アニバーサリーコレクション,,,Yes,,,,,,,,,,https://bulbapedia.bulbagarden.net/wiki/Celebrations_(TCG)
S8a-P,"October 22, 2021",Promo Card Pack 25th Anniversary Edition,プロモカードパック 25th ANNIVERSARY edition,,,Yes,,,,,,,,,,https://bulbapedia.bulbagarden.net/wiki/Promo_Card_Pack_25th_Anniversary_Edition_(TCG)
SJ,"November 5, 2021",Zacian & Zamazenta vs Eternatus Special Deck Set,スペシャルデッキセット ザシアン・ザマゼンタ vs ムゲンダイナ,,,Yes,,,,,,,,,,https://bulbapedia.bulbagarden.net/wiki/Zacian_%26_Zamazenta_vs_Eternatus_Special_Deck_Set_(TCG)
S8b,"December 3, 2021",High Class Pack VMAX Climax,ハイクラスパック VMAXクライマックス,,,Yes,,,,,,,,,,https://bulbapedia.bulbagarden.net/wiki/VMAX_Climax_(TCG)
SI,"December 17, 2021",Start Deck 100,スタートデッキ100,,,Yes,,,,,,,,,,https://bulbapedia.bulbagarden.net/wiki/Start_Deck_100_(TCG)
S8a-G,December 2021,25th Anniversary Golden Box,,,,Yes,,,,,,,,,,https://bulbapedia.bulbagarden.net/wiki/25th_Anniversary_Golden_Box_(TCG)
S9,"January 14, 2022",Star Birth,スターバース,,,Yes,,,,,,,,,,https://bulbapedia.bulbagarden.net/wiki/Brilliant_Stars_(TCG)
SK,"January 14, 2022",VSTAR Premium Trainer Box,プレミアムトレーナーボックス VSTAR,,,Yes,,,,,,,,,,https://bulbapedia.bulbagarden.net/wiki/VSTAR_Premium_Trainer_Box_(TCG)
S9a,"February 25, 2022",Enhanced Expansion Pack: Battle Region,強化拡張パック バトルリージョン,,,Yes,,,,,,,,,,https://bulbapedia.bulbagarden.net/wiki/Battle_Region_(TCG)
SLL,"February 25, 2022",Lucario VSTAR Starter Set,スターターセットVSTAR ルカリオ,,,Yes,,,,,,,,,,https://bulbapedia.bulbagarden.net/wiki/VSTAR_Starter_Sets_(TCG)
SLD,"February 25, 2022",Darkrai VSTAR Starter Set,スターターセットVMAX ダークライ,,,Yes,,,,,,,,,,
SN,March 2022,Start Deck 100 CoroCoro Comic Version,スタートデッキ100 コロコロコミックver.,,,Yes,,,,,,,,,,https://bulbapedia.bulbagarden.net/wiki/Start_Deck_100_CoroCoro_Comic_Version_(TCG)
S10D,"April 8, 2022",Time Gazer,タイムゲイザー,,,Yes,,,,,,,,,,https://bulbapedia.bulbagarden.net/wiki/Astral_Radiance_(TCG)
S10P,"April 8, 2022",Space Juggler,スペースジャグラー,,,Yes,,,,,,,,,,
S10a,"May 13, 2022",Enhanced Expansion Pack: Dark Phantasma,強化拡張パック ダークファンタズマ,,,Yes,,100%,Yes,Yes,Yes,Yes,Yes,Yes,,https://bulbapedia.bulbagarden.net/wiki/Dark_Phantasma_(TCG)
S10b,"June 17, 2022",Enhanced Expansion Pack: Pokémon GO,強化拡張パック Pokémon GO,,,Yes,,,,,,,,,,https://bulbapedia.bulbagarden.net/wiki/Pok%C3%A9mon_GO_(TCG)
S11,"July 15, 2022",Lost Abyss,ロストアビス,,,Yes,,,,,,,,,,https://bulbapedia.bulbagarden.net/wiki/Lost_Origin_(TCG)
SPZ,"July 15, 2022",Zeraora VSTAR & VMAX High-Class Deck,VSTAR&VMAX ハイクラスデッキ ゼラオラ,,,Yes,,,,,,,,,,https://bulbapedia.bulbagarden.net/wiki/VSTAR_%26_VMAX_High-Class_Decks_(TCG)
SPD,"July 15, 2022",Deoxys VSTAR & VMAX High-Class Deck,VSTAR&VMAX ハイクラスデッキ デオキシス,,,Yes,,,,,,,,,,
SP6,"August 5, 2022",VSTAR Special Set,VSTARスペシャルセット,,,Yes,,,,,,,,,,https://bulbapedia.bulbagarden.net/wiki/VSTAR_Special_Set_(TCG)
S11a,"September 2, 2022",Enhanced Expansion Pack: Incandescent Arcana,強化拡張パック 白熱のアルカナ,,,Yes,,,,,,,,,,https://bulbapedia.bulbagarden.net/wiki/Incandescent_Arcana_(TCG)
S12,"October 21, 2022",Paradigm Trigger,パラダイムトリガー,,,Yes,,,,,,,,,,https://bulbapedia.bulbagarden.net/wiki/Silver_Tempest_(TCG)
SO,"November 4, 2022",Charizard VSTAR vs Rayquaza VMAX Special Deck Set,スペシャルデッキセット リザードンVSTAR vs レックウザVMAX,,,Yes,,,,,,,,,,https://bulbapedia.bulbagarden.net/wiki/Charizard_VSTAR_vs_Rayquaza_VMAX_Special_Deck_Set_(TCG)
S12a,"December 2, 2022",High Class Pack VSTAR Universe,ハイクラスパック VSTARユニバース,,,Yes,,,,,,,,,,https://bulbapedia.bulbagarden.net/wiki/Crown_Zenith_(TCG)
Scarlet & Violet Era,,,,,,,,,,,,,,,,
SV-P,"November 18, 2022 - Present",SV-P Promotional cards,,,,,,,,,,,,,,https://bulbapedia.bulbagarden.net/wiki/SV-P_Promotional_cards_(TCG)
SV1S,"January 20, 2023",Scarlet ex,スカーレットex,,,,,,,,,,,,,https://bulbapedia.bulbagarden.net/wiki/Scarlet_%26_Violet_(TCG)
SV1V,"January 20, 2023",Violet ex,バイオレットex,,,,,,,,,,,,,
SVAM,"January 20, 2023",ex Starter Set Sprigatito & Lucario ex,スターターセットex ニャオハ＆ルカリオex,,,,,,,,,,,,,https://bulbapedia.bulbagarden.net/wiki/Ex_Starter_Sets_(TCG)
SVAL,"January 20, 2023",ex Starter Set Fuecoco & Ampharos ex,スターターセットex ホゲータ＆デンリュウex,,,,,,,,,,,,,
SVAW,"January 20, 2023",ex Starter Set Quaxly & Mimikyu ex,スターターセットex クワッス＆ミミッキュex,,,,,,,,,,,,,
SVB,"January 20, 2023",Premium Trainer Box ex,プレミアムトレーナーボックスex,,,,,,,,,,,,,https://bulbapedia.bulbagarden.net/wiki/Premium_Trainer_Box_ex_(TCG)
SV1a,"March 10, 2023",Enhanced Expansion Pack: Triplet Beat,強化拡張パック トリプレットビート,,,,,,,,,,,,,https://bulbapedia.bulbagarden.net/wiki/Triplet_Beat_(TCG)
SVC,"March 24, 2023",ex Starter Set Pikachu ex & Pawmot,スターターセットex ピカチュウex&パーモット,,,,,,,,,,,,,https://bulbapedia.bulbagarden.net/wiki/Ex_Starter_Set_Pikachu_ex_%26_Pawmot_(TCG)
SV2P,"April 14, 2023",Snow Hazard,スノーハザード,,,,,,,,,,,,,https://bulbapedia.bulbagarden.net/wiki/Paldea_Evolved_(TCG)
SV2D,"April 14, 2023",Clay Burst,クレイバースト,,,,,,,,,,,,,
SVP1,"May 19, 2023",ex Special Set,exスペシャルセット,,,,,,,,,,,,,https://bulbapedia.bulbagarden.net/wiki/Ex_Special_Set_(TCG)
SV2a,"June 16, 2023",Enhanced Expansion Pack: Pokémon Card 151,強化拡張パック ポケモンカード151,,,,,,,,,,,,,https://bulbapedia.bulbagarden.net/wiki/151_(TCG)
SVD,"July 7, 2023",ex Start Decks,exスタートデッキ,,,,,,,,,,,,,https://bulbapedia.bulbagarden.net/wiki/Ex_Start_Decks_(TCG)
SV3,"July 28, 2023",Ruler of the Black Flame,黒炎の支配者,,,,,,,,,,,,,https://bulbapedia.bulbagarden.net/wiki/Obsidian_Flames_(TCG)
SVF,"July 28, 2023",Ruler of the Black Flame Deck Build Box,デッキビルドBOX 黒炎の支配者,,,,,,,,,,,,,https://bulbapedia.bulbagarden.net/wiki/Ruler_of_the_Black_Flame_Deck_Build_Box_(TCG)
WCS23,"July 28, 2023",Pokémon World Championships 2023 Yokohama Deck -Pikachu-,ポケモンワールドチャンピオンシップス2023横浜 記念デッキ「ピカチュウ」,,,,,,,,,,,,,https://bulbapedia.bulbagarden.net/wiki/2023_World_Championships_Yokohama_Deck:_Pikachu_(TCG)
SV3a,"September 22, 2023",Enhanced Expansion Pack: Raging Surf,強化拡張パック レイジングサーフ,,,,,,,,,,,,,https://bulbapedia.bulbagarden.net/wiki/Raging_Surf_(TCG)
SVEM,"September 22, 2023",Terastal Starter Set Mewtwo ex,スターターセットテラスタルミュウツーex,,,,,,,,,,,,,https://bulbapedia.bulbagarden.net/wiki/Terastal_Starter_Sets_(TCG)
SVEL,"September 22, 2023",Terastal Starter Set Skeledirge ex,スターターセットテラスタルラウドボーンex,,,,,,,,,,,,,
SV4K,"October 27, 2023",Ancient Roar,古代の咆哮,,,,,,,,,,,,,https://bulbapedia.bulbagarden.net/wiki/Paradox_Rift_(TCG)
SV4M,"October 27, 2023",Future Flash,未来の一閃,,,,,,,,,,,,,
SVG,November 2023,Venusaur & Charizard & Blastoise Special Deck Set ex,スペシャルデッキセットex フシギバナ・リザードン・カメックス,,,,,,,,,,,,,https://bulbapedia.bulbagarden.net/wiki/Venusaur_%26_Charizard_%26_Blastoise_Special_Deck_Set_ex_(TCG)
SV4a,"December 1, 2023",High Class Pack: Shiny Treasure ex,ハイクラスパック シャイニートレジャーex,,,,,,,,,,,,,https://bulbapedia.bulbagarden.net/wiki/Paldean_Fates_(TCG)
SV5K,"January 26, 2024",Wild Force,ワイルドフォース,,,,,,,,,,,,,https://bulbapedia.bulbagarden.net/wiki/Temporal_Forces_(TCG)
SV5M,"January 26, 2024",Cyber Judge,サイバージャッジ,,,,,,,,,,,,,
SVHK,"January 26, 2024",Ancient Koraidon ex Starter Deck & Build Set,スターターデッキ＆ビルドセット「古代のコライドンex」,,,,,,,,,,,,,https://bulbapedia.bulbagarden.net/wiki/Starter_Deck_%26_Build_Sets_(TCG)
SVHM,"January 26, 2024",Future Miraidon ex Starter Deck & Build Set,スターターデッキ＆ビルドセット「未来のミライドンex」,,,,,,,,,,,,,
SVI,"March 8, 2024",Pokémon Card Game Scarlet & Violet: Battle Academy,ポケモンカードゲーム スカーレット&バイオレット バトルアカデミー,,,,,,,,,,,,,https://bulbapedia.bulbagarden.net/wiki/Pok%C3%A9mon_Card_Game_Battle_Academy_(TCG)
SV5a,"March 22, 2024",Enhanced Expansion Pack: Crimson Haze,強化拡張パック クリムゾンヘイズ,,,,,,,,,,,,,https://bulbapedia.bulbagarden.net/wiki/Crimson_Haze_(TCG)
SV6,"April 26, 2024",Transformation Mask, 変幻の仮面,,,,,,,,,,,,,https://bulbapedia.bulbagarden.net/wiki/Twilight_Masquerade_(TCG)
SVJL,"May 17, 2024",Battle Master Deck Terastal Charizard ex,バトルマスターデッキ テラスタル リザードンex,,,,,,,,,,,,,https://bulbapedia.bulbagarden.net/wiki/Battle_Master_Decks_(TCG)
SVJP,"May 17, 2024",Battle Master Deck Chien-Pao ex,バトルマスターデッキ パオジアンex,,,,,,,,,,,,,
SV6a,"June 7, 2024",Enhanced Expansion Pack: Night Wanderer,強化拡張パック ナイトワンダラー,,,,,,,,,,,,,https://bulbapedia.bulbagarden.net/wiki/Shrouded_Fable_(TCG)
SV7,"July 19, 2024",Stellar Miracle,ステラミラクル,,,,,,,,,,,,,https://bulbapedia.bulbagarden.net/wiki/Stellar_Crown_(TCG)
SVK,"July 19, 2024",Stellar Miracle Deck Build Box,デッキビルドBOX ステラミラクル,,,,,,,,,,,,,https://bulbapedia.bulbagarden.net/wiki/Stellar_Miracle_Deck_Build_Box_(TCG)
SVLN,"August 30, 2024",Stellar Tera Type Starter Set Sylveon ex,スターターセット テラスタイプ：ステラ ニンフィアex,,,,,,,,,,,,,https://bulbapedia.bulbagarden.net/wiki/Stellar_Tera_Type_Starter_Sets_(TCG)
SVLS,"August 30, 2024",Stellar Tera Type Starter Set Ceruledge ex,スターターセット テラスタイプ：ステラ ソウブレイズex,,,,,,,,,,,,,
SV7a,"September 13, 2024",Enhanced Expansion Pack: Paradise Dragona,強化拡張パック 楽園ドラゴーナ,,,,,,,,,,,,,https://bulbapedia.bulbagarden.net/wiki/Paradise_Dragona_(TCG)
,"October 18, 2024",Super Electric Breaker,超電ブレイカー,,,,,,,,,,,,,https://bulbapedia.bulbagarden.net/wiki/Super_Electric_Breaker_(TCG)
,"November 22, 2024",Generations Start Decks,スタートデッキGenerations,,,,,,,,,,,,,https://bulbapedia.bulbagarden.net/wiki/Generations_Start_Decks_(TCG)
,"December 6, 2024",High Class Pack: Terastal Fest ex,"ハイクラスパック テラスタルフェスex	",,,,,,,,,,,,,https://bulbapedia.bulbagarden.net/wiki/Terastal_Fest_ex_(TCG)
,"January 24, 2025",Battle Partners,バトルパートナーズ,,,,,,,,,,,,,https://bulbapedia.bulbagarden.net/wiki/Battle_Partners_(TCG)
,"January 24, 2025",Collection File Sets,コレクションファイルセット,,,,,,,,,,,,,https://bulbapedia.bulbagarden.net/wiki/Collection_File_Sets_(TCG)
,"February 21, 2025",ex Starter Set Steven's Beldum & Metagross ex,スターターセットex ダイゴのダンバル&メタグロスex,,,,,,,,,,,,,https://bulbapedia.bulbagarden.net/wiki/Ex_Starter_Set_Steven%27s_Beldum_%26_Metagross_ex_(TCG)
,"February 21, 2025",ex Starter Set Marnie's Morpeko & Grimmsnarl ex,スターターセットex マリィのモルペコ&オーロンゲex,,,,,,,,,,,,,https://bulbapedia.bulbagarden.net/wiki/Ex_Starter_Set_Marnie%27s_Morpeko_%26_Grimmsnarl_ex_(TCG)
Promotional sets,,,,,,,,,,,,,,,,
Unnumbered Promos,October 1996 - Present,Unnumbered Promos,,,,,,,,,,,,,https://bulbapedia.bulbagarden.net/wiki/Unnumbered_Promotional_cards_(TCG),https://bulbapedia.bulbagarden.net/wiki/Unnumbered_Promotional_cards_(TCG)/1996-2005
Cardass Part 1 & Cardass Part 2,1996,Pocket Monsters Carddass Trading Cards - Part 1 & 2,https://pokeboon.com/about-the-series-of-a-bandai-pokemon-carddass/,,,,,,,,,,,,,https://pokeboon.com/all-of-the-bandai-pokemon-carddass-part-1-and-part-2-its-one-of-oldest-pokemon-card/
Cardass Part 3 & Cardass Part 4,1996 - 1997,Pocket Monsters Carddass Trading Cards - Standard Cards (1997) Part 3 & 4,,,,,,,,,,,,,,https://bulbapedia.bulbagarden.net/wiki/Pocket_Monsters_Carddass_Trading_Cards
Vending Blue,"March 23rd, 1998",Vending Machine Series 1 (Blue), 拡張シート,,,,,60%,No,No,No,No,No,No,,https://bulbapedia.bulbagarden.net/wiki/Vending_Machine_cards_(TCG)
Vending Red,"June 17th, 1998",Vending Machine Series 2 (Red), 拡張シート,,,,,99%,No,No,No,No,No,No,,
Vending Green,"November 24th, 1998",Vending Machine Series 3 (Green), 拡張シート,,,,,60%,No,No,No,No,No,No,,
JSouthern_Islands,"July 17, 1999",Southern Islands,サザンアイランド,,,,,,No,No,No,No,No,No,,https://bulbapedia.bulbagarden.net/wiki/Southern_Islands_(TCG)
J Promo,August 2001 - July 2002,J Promotional cards,,,,,,,,,,,,,,https://bulbapedia.bulbagarden.net/wiki/J_Promotional_cards_(TCG)
PokéPark Forest,"March 18, 2005",PokéPark Premium Files (Forest), ポケパークプレミアムファイル,,,,,,,,,,,,,https://bulbapedia.bulbagarden.net/wiki/Pok%C3%A9Park_Premium_Files_(TCG)
PokéPark Blue,"March 18, 2005",PokéPark Premium Files (Blue), ポケパークプレミアムファイル,,,,,,,,,,,,,
Melee!,"July 10, 2009",Melee! Pokémon Scramble × Pokémon Card Game,乱戦！ポケモンスクランブル×ポケモンカードゲーム,,,Yes,,100%,,,,,,,,
,October 2023,Pokémon Card Game Classic,ポケモンカードゲーム Classic,,,,,,,,,,,,,https://bulbapedia.bulbagarden.net/wiki/Pok%C3%A9mon_Trading_Card_Game_Classic_(TCG)
,,Neo Premium File 1,ポケモンカード★neo プレミアムファイル1,,,,,,,,,,,,,
,,Neo Premium File 2,ポケモンカード★neo プレミアムファイル2,,,,,,,,,,,,,
,,Neo Premium File 3,ポケモンカード★neo プレミアムファイル3,,,,,,,,,,,,,
,,Application Pack - Japanese Space World,アプリケーションパック,,,,,,,,,,,,,